{
  "loss": 0.0004183729470241815,
  "val_loss": 0.00024837287492118776,
  "epoch": 8,
  "global_step": 8577
}